{
    "Modules": {
        "...MASTER...": {
            "end_perf": [
                0.34270191192626953,
                0.16553100000000001,
                0.086753999999999998,
                291740,
                293172,
                2122176044904370,
                0,
                0
            ],
            "start_perf": [
                0.33173894882202148,
                0.16342400000000001,
                0.083781999999999995,
                291728,
                293172,
                1664365795.8671041,
                2122176016341212
            ],
            "nRouts": 5,
            "child_modules": {
                "test_alu": 1
            },
            "nQuads": 0,
            "nMops": 0
        },
        "test_interface": {
            "end_perf": [
                0.39969396591186523,
                0.21646799999999999,
                0.092771999999999993,
                293708,
                293712,
                2122176193051330,
                21474836481,
                0
            ],
            "start_perf": [
                0.39433979988098145,
                0.21123700000000001,
                0.092664999999999997,
                293708,
                293708,
                1664365795.9297049,
                2122176179064370
            ],
            "nRouts": 26,
            "child_modules": {},
            "Compiled": "Yes",
            "Compiled Times": 77,
            "nQuads": 418,
            "nMops": 1316
        },
        "test_alu": {
            "end_perf": [
                0.39427089691162109,
                0.21118799999999999,
                0.092644000000000004,
                293708,
                293708,
                2122176178917254,
                8589934593,
                0
            ],
            "start_perf": [
                0.34287285804748535,
                0.16553100000000001,
                0.086912000000000003,
                291740,
                293172,
                1664365795.878238,
                2122176045293396
            ],
            "child_modules": {
                "test_interface": 8
            },
            "Compiled": "Yes",
            "Compiled Times": 77,
            "nQuads": 1173,
            "significant_routs": [
                [
                    49,
                    "R_VCSgd_mizGR_31",
                    4243557,
                    462,
                    105
                ],
                [
                    59,
                    "F_VCSgd_mizGR_2_0",
                    4616368,
                    1461,
                    403
                ],
                [
                    98,
                    "R_VCSgd_mizGR_62",
                    4788432,
                    2334,
                    469
                ]
            ],
            "nMops": 3099,
            "nRouts": 120
        }
    },
    "CompUnits": {
        "mizGR_d": {
            "mod": "test_alu",
            "mode": 4,
            "out": "mizGR_d.o",
            "archive": "archive.76/_8785_archive_1.a",
            "text": 17111,
            "bytes": 49926,
            "checksum": 0
        }
    },
    "reusePaths": {
        "amcQw_d": {
            "icPath": "csrc"
        },
        "enGtf_d": {
            "icPath": "csrc"
        }
    },
    "ObjArchives": [
        {
            "archive": "archive.76/_8785_archive_1.a",
            "objects": [
                [
                    "mizGR_d.o",
                    49926
                ],
                [
                    "amcQwB.o",
                    110266
                ]
            ],
            "size": 160192
        }
    ],
    "stat": {
        "ru_self_end": {
            "ru_utime_sec": 0.22032099999999999,
            "ru_stime_sec": 0.096701999999999996,
            "ru_nvcsw": 32,
            "ru_maxrss_kb": 87772,
            "ru_minflt": 29809,
            "ru_nivcsw": 206,
            "ru_majflt": 0
        },
        "ru_childs_end": {
            "ru_utime_sec": 0.015361,
            "ru_stime_sec": 0.030488999999999999,
            "ru_nvcsw": 9,
            "ru_maxrss_kb": 24392,
            "ru_minflt": 5060,
            "ru_nivcsw": 19,
            "ru_majflt": 0
        },
        "cpu_cycles_end": 2122176213167156,
        "peak_mem_kb": 293732
    }
}